frame,t_detik,occupancy,masuk,keluar,id_kumulatif
0,0.0,3,0,0,3
1,0.04,3,0,0,3
2,0.09,3,0,0,3
3,0.13,3,0,0,3
4,0.17,3,0,0,3
5,0.22,3,0,0,3
6,0.26,3,0,0,3
7,0.3,3,0,0,3
8,0.35,4,0,0,4
9,0.39,5,0,0,5
10,0.43,3,0,0,5
11,0.48,4,0,0,5
12,0.52,3,0,0,5
13,0.57,3,0,0,5
14,0.61,3,0,0,5
15,0.65,3,0,0,5
16,0.7,3,0,0,5
17,0.74,3,0,0,5
18,0.78,3,0,0,5
19,0.83,3,0,0,5
20,0.87,3,0,0,5
21,0.91,3,0,0,5
22,0.96,3,0,0,5
23,1.0,2,0,0,5
24,1.04,1,0,0,5
25,1.09,1,0,0,5
26,1.13,1,0,0,5
27,1.17,1,0,0,5
28,1.22,1,0,0,5
29,1.26,1,0,0,5
30,1.3,2,0,0,6
31,1.35,2,0,0,6
32,1.39,2,0,0,6
33,1.43,2,0,0,6
34,1.48,2,0,0,6
35,1.52,2,0,0,6
36,1.57,2,0,0,6
37,1.61,2,0,0,6
38,1.65,2,0,0,6
39,1.7,2,0,0,6
40,1.74,3,0,0,7
41,1.78,2,0,0,7
42,1.83,2,0,0,7
43,1.87,2,0,0,7
44,1.91,3,0,0,7
45,1.96,3,0,0,7
46,2.0,3,0,0,7
47,2.04,3,0,0,7
48,2.09,4,0,0,8
49,2.13,4,0,0,8
50,2.17,3,0,0,8
51,2.22,3,0,0,8
52,2.26,3,0,0,8
53,2.3,3,0,0,8
54,2.35,3,0,0,8
55,2.39,3,0,0,8
56,2.43,3,0,0,8
57,2.48,3,0,0,8
58,2.52,3,0,0,8
59,2.57,4,0,0,9
60,2.61,3,0,0,9
61,2.65,4,0,0,9
62,2.7,4,0,0,9
63,2.74,4,0,0,9
64,2.78,4,0,0,9
65,2.83,4,0,0,9
66,2.87,4,0,0,9
67,2.91,3,0,0,9
68,2.96,3,0,0,9
69,3.0,3,0,0,9
70,3.04,3,0,0,9
71,3.09,3,0,0,9
72,3.13,3,0,0,9
73,3.17,3,0,0,9
74,3.22,3,0,0,9
75,3.26,3,0,0,9
76,3.3,3,0,0,9
77,3.35,3,0,0,9
78,3.39,3,0,0,9
79,3.43,3,0,0,9
80,3.48,2,0,0,9
81,3.52,2,0,0,9
82,3.57,3,0,0,9
83,3.61,4,0,0,10
84,3.65,3,0,0,11
85,3.7,3,0,0,11
86,3.74,3,0,0,11
87,3.78,3,0,0,11
88,3.83,3,0,0,11
89,3.87,3,0,0,11
90,3.91,2,0,0,11
91,3.96,2,0,0,11
92,4.0,1,0,0,11
93,4.04,1,0,0,11
94,4.09,1,0,0,11
95,4.13,1,0,0,11
96,4.17,2,0,0,11
97,4.22,1,0,0,11
98,4.26,1,0,0,11
99,4.3,1,0,0,11
100,4.35,1,0,0,11
101,4.39,2,0,0,12
102,4.43,2,0,0,12
103,4.48,1,0,0,12
104,4.52,1,0,0,12
105,4.57,2,0,0,13
106,4.61,1,0,0,13
107,4.65,3,0,0,14
108,4.7,3,0,0,14
109,4.74,3,0,0,14
110,4.78,2,0,0,14
111,4.83,2,0,0,14
112,4.87,2,0,0,14
113,4.91,4,0,0,15
114,4.96,5,0,0,16
115,5.0,7,0,1,18
116,5.04,5,0,1,18
117,5.09,4,0,1,18
118,5.13,4,0,1,18
119,5.17,4,0,1,18
120,5.22,4,0,1,18
121,5.26,5,0,1,18
122,5.3,7,0,1,20
123,5.35,7,0,1,20
124,5.39,6,0,1,20
125,5.43,6,0,1,20
126,5.48,6,0,1,20
127,5.52,7,0,1,20
128,5.57,7,0,1,20
129,5.61,6,0,1,20
130,5.65,6,0,1,20
131,5.7,5,0,1,20
132,5.74,5,0,1,20
133,5.78,4,0,1,20
134,5.83,4,0,1,20
135,5.87,4,0,1,20
136,5.91,6,0,1,21
137,5.96,5,0,1,21
138,6.0,5,0,1,21
139,6.04,5,0,1,21
140,6.09,6,0,1,22
141,6.13,6,0,1,22
142,6.17,7,0,1,23
143,6.22,7,0,1,23
144,6.26,7,0,1,24
145,6.3,8,0,1,24
146,6.35,8,0,1,24
147,6.39,8,0,1,24
148,6.43,7,0,1,24
149,6.48,8,0,1,24
150,6.52,9,0,1,24
151,6.57,8,0,1,24
152,6.61,6,0,1,24
153,6.65,8,0,1,25
154,6.7,8,0,1,25
155,6.74,8,0,1,25
156,6.78,8,0,1,25
157,6.83,7,0,1,25
158,6.87,8,1,1,26
159,6.91,8,1,1,26
160,6.96,9,1,1,27
161,7.0,7,1,1,27
162,7.04,9,1,1,28
163,7.09,9,2,1,28
164,7.13,10,2,1,29
165,7.17,11,2,1,29
166,7.22,10,2,1,29
167,7.26,11,2,1,29
168,7.3,9,2,1,29
169,7.35,8,2,1,29
170,7.39,7,2,1,29
171,7.43,7,2,1,29
172,7.48,6,2,1,29
173,7.52,6,2,1,29
174,7.57,5,2,1,29
175,7.61,5,2,1,29
176,7.65,5,2,1,29
177,7.7,6,2,1,29
178,7.74,6,2,1,29
179,7.78,6,2,1,29
180,7.83,7,2,1,29
181,7.87,6,2,1,29
182,7.91,6,2,1,29
183,7.96,5,2,1,29
184,8.0,5,2,1,29
185,8.04,4,2,1,29
186,8.09,5,3,1,29
187,8.13,5,3,1,29
188,8.17,5,3,1,29
189,8.22,5,3,1,29
190,8.26,5,3,1,29
191,8.3,5,3,1,29
192,8.35,5,3,1,29
193,8.39,5,3,1,29
194,8.43,4,3,1,29
195,8.48,5,3,1,29
196,8.52,5,3,1,29
197,8.57,5,3,1,29
198,8.61,5,3,1,29
199,8.65,5,3,1,29
200,8.7,5,3,1,29
201,8.74,5,3,1,29
202,8.78,6,3,1,29
203,8.83,6,3,1,29
204,8.87,6,3,1,29
205,8.91,6,3,1,29
206,8.96,6,3,1,29
207,9.0,6,3,1,29
208,9.04,6,3,1,29
209,9.09,6,3,1,29
210,9.13,7,3,1,30
211,9.17,8,3,1,31
212,9.22,8,3,1,32
213,9.26,8,3,1,32
214,9.3,8,3,1,32
215,9.35,8,3,1,32
216,9.39,8,3,1,32
217,9.43,8,3,1,32
218,9.48,9,3,1,33
219,9.52,6,3,1,33
220,9.57,7,3,1,33
221,9.61,6,3,1,33
222,9.65,6,3,1,33
223,9.7,5,3,1,33
224,9.74,5,3,1,33
225,9.78,5,3,1,33
226,9.83,5,4,1,33
227,9.87,5,4,1,33
228,9.91,5,4,1,33
229,9.96,5,4,1,33
230,10.0,6,4,1,33
231,10.04,6,4,1,33
232,10.09,7,4,2,33
233,10.13,6,4,2,33
234,10.17,5,4,2,33
235,10.22,5,4,2,33
236,10.26,5,4,2,33
237,10.3,5,4,2,33
238,10.35,4,4,3,33
239,10.39,4,4,3,33
240,10.43,4,4,3,33
241,10.48,4,4,3,33
242,10.52,4,4,3,33
243,10.57,5,4,3,33
244,10.61,5,4,3,34
245,10.65,5,4,3,34
246,10.7,6,4,3,34
247,10.74,5,4,3,34
248,10.78,7,4,3,35
249,10.83,8,4,3,35
250,10.87,7,4,3,35
251,10.91,7,4,3,35
252,10.96,7,4,3,35
253,11.0,7,4,3,35
254,11.04,6,4,3,35
255,11.09,8,4,4,36
256,11.13,7,4,4,36
257,11.17,8,4,4,36
258,11.22,8,4,4,36
259,11.26,8,4,4,36
260,11.3,8,4,5,36
261,11.35,8,4,5,36
262,11.39,8,4,5,36
263,11.43,6,4,5,36
264,11.48,7,4,5,36
265,11.52,8,5,5,36
266,11.57,8,5,5,36
267,11.61,8,5,5,36
268,11.65,8,5,5,36
269,11.7,8,5,5,36
270,11.74,8,5,5,36
271,11.78,8,5,5,36
272,11.83,8,5,5,36
273,11.87,8,5,5,36
274,11.91,8,5,5,36
275,11.96,8,5,5,36
276,12.0,8,5,5,36
277,12.04,8,5,5,36
278,12.09,7,5,5,36
279,12.13,7,5,5,36
280,12.17,7,5,5,36
281,12.22,7,5,5,36
282,12.26,7,5,5,36
283,12.3,7,5,5,36
284,12.35,6,5,5,36
285,12.39,7,5,5,36
286,12.43,7,5,5,36
287,12.48,7,5,5,36
288,12.52,7,5,5,36
289,12.57,7,5,5,36
290,12.61,6,5,5,36
291,12.65,7,5,5,36
292,12.7,7,5,5,36
293,12.74,7,5,5,36
294,12.78,7,5,5,36
295,12.83,5,5,5,36
296,12.87,4,5,5,36
297,12.91,5,5,5,36
298,12.96,4,5,5,36
299,13.0,4,5,5,36
300,13.04,4,5,5,36
301,13.09,4,5,5,36
302,13.13,5,5,5,36
303,13.17,4,5,5,36
304,13.22,4,5,5,36
305,13.26,4,5,5,36
306,13.3,5,5,5,36
307,13.35,6,5,5,37
308,13.39,6,5,5,37
309,13.43,6,5,5,37
310,13.48,5,5,5,37
311,13.52,5,5,5,37
312,13.57,5,5,5,37
313,13.61,6,5,5,37
314,13.65,5,5,5,37
315,13.7,4,5,5,37
316,13.74,4,5,5,37
317,13.78,5,5,5,38
318,13.83,5,5,5,39
319,13.87,5,5,5,39
320,13.91,5,5,5,39
321,13.96,7,5,5,41
322,14.0,9,5,5,42
323,14.04,8,5,5,42
324,14.09,8,5,5,42
325,14.13,7,5,5,42
326,14.17,6,5,5,42
327,14.22,7,5,5,42
328,14.26,6,5,5,42
329,14.3,7,5,5,42
330,14.35,6,5,5,43
331,14.39,7,5,5,43
332,14.43,7,5,5,43
333,14.48,7,5,5,43
334,14.52,7,5,5,43
335,14.57,6,5,5,43
336,14.61,5,5,5,44
337,14.65,8,5,5,45
338,14.7,5,5,5,45
339,14.74,5,5,5,45
340,14.78,3,5,5,45
341,14.83,3,5,5,45
342,14.87,3,5,5,45
343,14.91,4,5,5,45
344,14.96,4,5,5,45
345,15.0,2,6,5,45
346,15.04,3,6,5,45
347,15.09,4,6,5,45
348,15.13,3,6,5,45
349,15.17,3,6,5,45
350,15.22,3,6,5,45
351,15.26,4,6,5,46
352,15.3,2,6,5,46
353,15.35,2,6,5,46
354,15.39,2,6,5,46
355,15.43,2,6,5,46
356,15.48,2,6,5,46
357,15.52,2,6,5,46
358,15.57,2,6,5,46
359,15.61,2,6,5,46
360,15.65,2,6,5,46
361,15.7,2,6,5,46
362,15.74,2,6,5,46
363,15.78,2,6,5,46
364,15.83,2,6,5,46
365,15.87,1,6,5,46
366,15.91,2,6,5,46
367,15.96,1,6,5,46
368,16.0,1,6,5,46
369,16.04,4,6,5,46
370,16.09,5,6,5,47
371,16.13,4,6,5,47
372,16.17,4,6,5,48
373,16.22,4,6,5,48
374,16.26,4,6,5,48
375,16.3,2,6,5,48
376,16.35,2,6,5,48
377,16.39,2,6,5,48
378,16.43,2,6,5,48
379,16.48,4,6,5,49
380,16.52,4,6,5,49
381,16.57,3,6,5,49
382,16.61,3,6,5,49
383,16.65,3,6,5,49
384,16.7,3,6,5,49
385,16.74,3,6,5,49
386,16.78,3,6,5,49
387,16.83,2,7,5,49
388,16.87,2,7,5,49
389,16.91,1,7,5,49
390,16.96,1,7,5,49
391,17.0,2,7,5,49
392,17.04,2,7,5,50
393,17.09,3,7,5,50
394,17.13,3,7,5,50
395,17.17,3,7,5,50
396,17.22,2,7,5,50
397,17.26,4,7,5,51
398,17.3,3,7,5,51
399,17.35,3,7,5,51
400,17.39,3,7,5,51
401,17.43,3,7,5,51
402,17.48,3,7,5,51
403,17.52,2,7,5,51
404,17.57,2,7,5,51
405,17.61,2,7,5,51
406,17.65,2,7,5,51
407,17.7,1,7,5,51
408,17.74,2,7,5,51
409,17.78,2,7,5,51
410,17.83,2,7,5,51
411,17.87,2,7,5,51
412,17.91,2,7,5,51
413,17.96,3,7,5,52
414,18.0,3,7,5,52
415,18.04,2,7,5,52
416,18.09,2,7,5,52
417,18.13,2,7,5,52
418,18.17,2,7,5,52
419,18.22,2,7,5,52
420,18.26,3,7,5,53
421,18.3,3,7,5,53
422,18.35,3,7,5,54
423,18.39,4,7,5,55
424,18.43,4,7,5,55
425,18.48,5,7,5,56
426,18.52,5,7,5,56
427,18.57,6,7,5,57
428,18.61,5,7,5,57
429,18.65,6,7,5,57
430,18.7,5,7,5,57
431,18.74,5,7,5,57
432,18.78,6,7,5,58
433,18.83,4,7,5,58
434,18.87,4,7,5,58
435,18.91,5,7,5,58
436,18.96,5,7,5,58
437,19.0,5,7,5,58
438,19.04,5,7,5,59
439,19.09,5,7,5,59
440,19.13,6,7,5,59
441,19.17,6,7,5,59
442,19.22,6,7,5,59
443,19.26,6,7,5,59
444,19.3,6,7,5,59
445,19.35,6,7,5,59
446,19.39,6,7,5,59
447,19.43,6,7,5,59
448,19.48,7,7,5,60
449,19.52,7,7,5,60
450,19.57,7,7,5,61
451,19.61,6,7,5,61
452,19.65,6,7,5,61
453,19.7,6,7,5,61
454,19.74,6,7,5,61
455,19.78,6,7,5,61
456,19.83,7,7,5,61
457,19.87,7,7,5,61
458,19.91,7,7,5,61
459,19.96,5,7,5,61
460,20.0,7,7,5,61
461,20.04,5,7,5,61
462,20.09,5,7,5,61
463,20.13,7,7,5,62
464,20.17,5,7,5,62
465,20.22,6,7,5,62
466,20.26,6,7,5,62
467,20.3,5,7,5,62
468,20.35,5,7,5,62
469,20.39,6,7,5,62
470,20.43,5,7,5,62
471,20.48,5,7,5,62
472,20.52,6,7,5,63
473,20.57,7,7,5,64
474,20.61,8,7,5,64
475,20.65,7,7,5,64
476,20.7,7,7,5,64
477,20.74,8,7,5,65
478,20.78,7,7,5,65
479,20.83,7,7,5,65
480,20.87,6,7,5,65
481,20.91,7,7,5,66
482,20.96,6,7,5,66
483,21.0,6,7,5,66
484,21.04,7,7,5,66
485,21.09,8,7,5,66
486,21.13,7,7,5,66
487,21.17,7,7,5,67
488,21.22,7,7,5,67
489,21.26,7,7,5,67
490,21.3,7,7,5,67
491,21.35,9,7,5,68
492,21.39,8,7,5,68
493,21.43,9,7,5,69
494,21.48,8,7,5,69
495,21.52,8,7,5,69
496,21.57,7,7,5,69
497,21.61,8,7,5,70
498,21.65,8,7,5,70
499,21.7,8,7,5,70
500,21.74,9,7,5,71
501,21.78,7,7,5,71
502,21.83,7,7,5,71
503,21.87,8,7,5,72
504,21.91,9,7,5,72
505,21.96,8,7,5,73
506,22.0,9,7,5,73
507,22.04,8,7,5,74
508,22.09,8,7,5,74
509,22.13,7,7,5,74
510,22.17,8,7,5,74
511,22.22,8,7,5,74
512,22.26,8,7,5,74
513,22.3,8,7,5,75
514,22.35,9,7,5,75
515,22.39,9,7,5,76
516,22.43,8,7,5,77
517,22.48,9,7,5,77
518,22.52,8,7,5,77
519,22.57,8,7,5,77
520,22.61,7,7,5,77
521,22.65,7,7,5,77
522,22.7,6,7,5,77
523,22.74,8,7,5,77
524,22.78,7,7,5,77
525,22.83,5,7,5,77
526,22.87,5,7,6,77
527,22.91,5,7,6,77
528,22.96,4,7,6,77
529,23.0,5,7,6,77
530,23.04,6,7,6,77
531,23.09,7,7,6,78
532,23.13,6,7,6,78
533,23.17,5,7,6,78
534,23.22,5,7,6,78
535,23.26,5,7,6,78
536,23.3,6,7,6,78
537,23.35,6,7,6,78
538,23.39,5,7,6,78
539,23.43,6,7,7,78
540,23.48,6,7,7,78
541,23.52,7,7,7,78
542,23.57,7,7,7,78
543,23.61,8,7,7,78
544,23.65,7,7,7,79
545,23.7,8,7,7,79
546,23.74,9,7,7,79
547,23.78,9,7,7,80
548,23.83,8,7,7,80
549,23.87,9,7,7,80
550,23.91,7,7,7,80
551,23.96,8,7,7,80
552,24.0,7,7,7,80
553,24.04,9,7,7,81
554,24.09,9,7,7,81
555,24.13,9,7,7,81
556,24.17,8,7,7,81
557,24.22,9,7,7,82
558,24.26,9,7,7,82
559,24.3,9,7,7,82
560,24.35,9,7,7,82
561,24.39,9,8,7,82
562,24.43,9,8,7,82
563,24.48,9,8,7,82
564,24.52,11,8,7,83
565,24.57,11,8,7,83
566,24.61,10,8,7,83
567,24.65,8,8,7,83
568,24.7,11,8,7,84
569,24.74,10,8,7,84
570,24.78,12,8,7,84
571,24.83,10,8,7,84
572,24.87,11,8,8,84
573,24.91,10,8,8,84
574,24.96,11,8,8,85
575,25.0,11,8,8,85
576,25.04,10,8,8,85
577,25.09,11,8,8,86
578,25.13,10,8,8,86
579,25.17,10,9,8,86
580,25.22,10,9,8,86
581,25.26,10,9,8,86
582,25.3,10,9,8,86
583,25.35,9,9,8,86
584,25.39,11,9,8,87
585,25.43,10,9,8,87
586,25.48,9,9,8,87
587,25.52,11,9,8,87
588,25.57,9,9,8,87
589,25.61,10,9,8,87
590,25.65,10,9,8,88
591,25.7,9,9,8,88
592,25.74,10,9,8,88
593,25.78,6,9,8,88
594,25.83,8,9,8,88
595,25.87,7,9,8,88
596,25.91,6,9,8,88
597,25.96,9,9,8,89
598,26.0,8,9,8,89
599,26.04,10,9,8,89
600,26.09,8,9,8,89
601,26.13,8,9,8,89
602,26.17,8,9,8,89
603,26.22,8,9,8,89
604,26.26,9,9,8,89
605,26.3,9,9,8,89
606,26.35,9,9,8,89
607,26.39,9,9,8,89
608,26.43,9,9,8,89
609,26.48,8,9,8,89
610,26.52,7,9,8,89
611,26.57,8,9,9,89
612,26.61,8,9,9,89
613,26.65,9,9,9,90
614,26.7,9,9,9,90
615,26.74,7,9,9,90
616,26.78,8,9,9,90
617,26.83,9,9,9,91
618,26.87,8,9,9,91
619,26.91,9,9,9,91
620,26.96,9,9,9,91
621,27.0,10,9,9,92
622,27.04,10,9,9,92
623,27.09,10,9,9,92
624,27.13,10,9,9,92
625,27.17,10,9,9,92
626,27.22,10,9,9,92
627,27.26,10,9,10,92
628,27.3,10,9,10,92
629,27.35,10,9,10,92
630,27.39,10,9,10,92
631,27.43,11,9,10,92
632,27.48,11,9,10,92
633,27.52,11,9,10,92
634,27.57,11,9,10,92
635,27.61,12,9,10,92
636,27.65,12,9,10,92
637,27.7,11,9,10,92
638,27.74,13,9,10,93
639,27.78,12,9,10,93
640,27.83,11,9,10,93
641,27.87,12,9,10,93
642,27.91,11,9,10,93
643,27.96,11,9,10,93
644,28.0,9,9,10,93
645,28.04,12,9,10,93
646,28.09,12,9,10,93
647,28.13,12,9,10,93
648,28.17,11,9,10,93
649,28.22,10,9,10,93
650,28.26,10,9,10,93
651,28.3,10,9,10,93
652,28.35,10,9,10,93
653,28.39,10,9,10,93
654,28.43,9,9,10,93
655,28.48,11,9,10,93
656,28.52,10,9,10,93
657,28.57,9,9,10,93
658,28.61,8,9,10,93
659,28.65,8,9,10,93
660,28.7,7,9,10,93
661,28.74,8,9,10,93
662,28.78,10,9,10,93
663,28.83,8,9,10,93
664,28.87,8,9,10,93
665,28.91,9,9,10,93
666,28.96,8,9,10,93
667,29.0,8,9,10,93
668,29.04,7,9,10,93
669,29.09,7,9,10,93
670,29.13,8,9,10,93
671,29.17,7,9,10,93
672,29.22,7,9,10,93
673,29.26,8,9,10,94
674,29.3,8,9,10,94
675,29.35,8,9,10,94
676,29.39,8,9,10,94
677,29.43,8,9,10,94
678,29.48,8,9,10,94
679,29.52,8,9,10,94
680,29.57,8,9,11,94
681,29.61,8,9,11,94
682,29.65,8,9,11,94
683,29.7,7,9,11,94
684,29.74,7,9,11,94
685,29.78,7,9,11,94
686,29.83,7,9,11,94
687,29.87,6,9,11,94
688,29.91,6,9,11,94
689,29.96,7,9,11,94
690,30.0,6,9,11,94
691,30.04,6,9,11,94
692,30.09,7,9,11,94
693,30.13,7,9,11,94
694,30.17,7,9,11,94
695,30.22,6,9,11,94
696,30.26,7,9,11,94
697,30.3,7,9,11,94
698,30.35,7,9,11,94
699,30.39,6,9,11,94
700,30.43,6,9,11,94
701,30.48,5,9,11,94
702,30.52,5,9,11,94
703,30.57,5,9,11,94
704,30.61,5,9,11,94
705,30.65,5,9,11,94
706,30.7,5,9,12,94
707,30.74,5,9,12,94
708,30.78,5,9,12,94
709,30.83,5,9,12,94
710,30.87,5,9,12,94
711,30.91,5,9,12,94
712,30.96,5,9,12,94
713,31.0,5,9,12,94
714,31.04,5,9,12,94
715,31.09,5,9,12,94
716,31.13,5,9,12,94
717,31.17,5,9,12,94
718,31.22,5,9,12,94
719,31.26,5,9,12,94
720,31.3,5,9,12,94
721,31.35,5,9,12,94
722,31.39,5,9,12,94
723,31.43,5,9,12,94
724,31.48,6,9,12,95
725,31.52,5,9,12,95
726,31.57,5,9,12,95
727,31.61,4,9,12,95
728,31.65,4,9,12,95
729,31.7,4,9,12,95
730,31.74,4,9,12,95
731,31.78,4,9,12,95
732,31.83,4,9,12,95
733,31.87,4,9,12,95
734,31.91,4,9,12,95
735,31.96,4,9,12,95
736,32.0,4,9,12,95
737,32.04,5,9,12,96
738,32.09,5,9,12,96
739,32.13,4,9,12,96
740,32.17,5,9,12,96
741,32.22,4,9,12,96
742,32.26,4,9,12,96
743,32.3,5,9,12,96
744,32.35,5,9,12,96
745,32.39,5,9,12,96
746,32.43,5,9,12,96
747,32.48,5,9,12,96
748,32.52,5,9,12,96
749,32.57,5,9,12,96
750,32.61,5,9,12,96
751,32.65,5,9,12,96
752,32.7,6,9,12,97
753,32.74,5,9,12,97
754,32.78,5,9,12,97
755,32.83,6,9,12,97
756,32.87,6,9,12,97
757,32.91,7,9,12,98
758,32.96,4,9,12,98
759,33.0,6,9,12,98
760,33.04,6,9,12,98
761,33.09,6,9,12,98
762,33.13,5,9,12,98
763,33.17,5,9,12,98
764,33.22,5,9,12,98
765,33.26,5,9,12,98
766,33.3,5,9,12,98
767,33.35,5,9,12,98
768,33.39,6,9,12,98
769,33.43,6,9,12,98
770,33.48,6,9,12,98
771,33.52,5,9,12,98
772,33.57,5,9,12,98
773,33.61,6,9,12,98
774,33.65,4,9,12,98
775,33.7,4,9,12,98
776,33.74,6,9,12,99
777,33.78,6,9,12,99
778,33.83,6,9,12,99
779,33.87,6,9,12,99
780,33.91,6,9,12,99
781,33.96,6,9,12,99
782,34.0,5,9,12,99
783,34.04,6,9,12,99
784,34.09,5,9,12,99
785,34.13,5,9,12,99
786,34.17,5,9,12,99
787,34.22,5,9,12,99
788,34.26,5,9,12,99
789,34.3,5,9,12,99
790,34.35,5,9,12,99
791,34.39,5,9,12,99
792,34.43,5,9,12,99
793,34.48,5,9,12,99
794,34.52,5,9,12,99
795,34.57,5,9,12,99
796,34.61,5,9,12,99
797,34.65,5,9,12,99
798,34.7,5,9,12,99
799,34.74,5,9,12,99
800,34.78,5,9,12,99
801,34.83,5,9,12,99
802,34.87,5,9,12,99
803,34.91,5,9,12,100
804,34.96,5,9,12,100
805,35.0,6,9,12,100
806,35.04,6,9,12,100
807,35.09,6,9,12,100
808,35.13,6,9,12,100
809,35.17,6,9,12,100
810,35.22,5,9,12,100
811,35.26,5,9,12,100
812,35.3,5,9,12,100
813,35.35,5,9,12,100
814,35.39,4,9,12,100
815,35.43,4,9,12,100
816,35.48,4,9,12,100
817,35.52,4,9,12,100
818,35.57,4,9,12,100
819,35.61,4,9,12,100
820,35.65,4,9,12,100
821,35.7,5,9,12,100
822,35.74,5,9,12,100
823,35.78,5,9,12,100
824,35.83,4,9,12,100
825,35.87,4,9,13,101
826,35.91,4,9,13,101
827,35.96,4,9,13,101
828,36.0,4,9,13,101
829,36.04,4,9,13,101
830,36.09,4,9,13,101
831,36.13,4,9,13,101
832,36.17,3,9,13,101
833,36.22,5,9,13,101
834,36.26,3,9,13,101
835,36.3,3,9,13,101
836,36.35,3,9,13,101
837,36.39,3,9,13,101
838,36.43,3,9,13,101
839,36.48,3,9,13,101
840,36.52,3,9,13,101
841,36.57,3,9,13,101
842,36.61,3,9,13,101
843,36.65,3,9,13,101
844,36.7,3,9,13,101
845,36.74,3,9,13,101
846,36.78,3,9,14,101
847,36.83,2,9,14,101
848,36.87,2,9,14,101
849,36.91,2,9,14,101
850,36.96,2,9,14,101
851,37.0,2,9,14,101
852,37.04,2,9,14,101
853,37.09,2,9,14,101
854,37.13,2,9,14,101
855,37.17,3,9,14,102
856,37.22,3,9,14,102
857,37.26,3,9,14,102
858,37.3,3,9,14,102
859,37.35,3,9,14,102
860,37.39,3,9,14,102
861,37.43,3,9,14,102
862,37.48,3,9,14,102
863,37.52,4,9,15,102
864,37.57,4,9,15,102
865,37.61,4,9,15,102
866,37.65,3,9,15,102
867,37.7,3,9,15,102
868,37.74,3,9,15,102
869,37.78,3,9,15,102
870,37.83,3,9,15,102
871,37.87,3,9,15,102
872,37.91,3,9,15,102
873,37.96,3,9,15,102
874,38.0,3,9,15,102
875,38.04,3,9,15,102
876,38.09,3,9,15,102
877,38.13,3,9,15,102
878,38.17,3,9,15,102
879,38.22,3,9,15,102
880,38.26,3,9,15,102
881,38.3,3,9,15,102
882,38.35,3,9,15,102
883,38.39,3,9,15,102
884,38.43,3,9,15,102
885,38.48,3,9,15,102
886,38.52,3,9,15,102
887,38.57,3,9,15,102
888,38.61,3,9,15,102
889,38.65,3,9,15,102
890,38.7,3,9,15,102
891,38.74,3,9,15,102
892,38.78,3,9,15,102
893,38.83,3,9,15,102
894,38.87,3,9,15,102
895,38.91,3,9,15,102
896,38.96,3,9,15,102
897,39.0,3,9,15,102
898,39.04,3,9,15,102
899,39.09,3,9,15,102
900,39.13,3,9,15,102
901,39.17,3,9,15,102
902,39.22,3,9,15,102
903,39.26,3,9,15,102
904,39.3,3,9,15,102
905,39.35,3,9,15,102
906,39.39,3,9,15,102
907,39.43,3,9,15,102
908,39.48,3,9,15,102
909,39.52,3,9,15,102
910,39.57,3,9,15,102
911,39.61,5,9,15,104
912,39.65,4,9,15,104
913,39.7,4,9,15,104
914,39.74,4,9,15,104
915,39.78,4,9,15,104
916,39.83,4,9,15,104
917,39.87,4,9,15,104
918,39.91,4,9,15,104
919,39.96,4,9,15,104
920,40.0,4,9,15,104
921,40.04,4,9,15,104
922,40.09,4,9,15,104
923,40.13,5,9,15,105
924,40.17,5,9,15,105
925,40.22,4,9,15,105
926,40.26,4,9,15,105
927,40.3,4,9,15,105
928,40.35,4,9,15,105
929,40.39,4,9,15,105
930,40.43,4,9,15,105
931,40.48,4,9,15,105
932,40.52,4,9,15,105
933,40.57,4,9,15,105
934,40.61,3,9,15,105
935,40.65,4,9,15,105
936,40.7,3,9,15,105
937,40.74,3,9,15,105
938,40.78,3,9,15,105
939,40.83,3,9,15,105
940,40.87,3,9,15,105
941,40.91,3,9,15,105
942,40.96,3,9,15,105
943,41.0,3,9,15,105
944,41.04,3,9,15,105
945,41.09,3,9,15,105
946,41.13,3,9,15,105
947,41.17,3,9,15,105
948,41.22,3,9,15,105
949,41.26,3,9,16,105
950,41.3,3,9,16,105
951,41.35,3,9,16,105
952,41.39,2,9,16,105
953,41.43,2,9,16,105
954,41.48,2,9,16,105
955,41.52,2,9,16,105
956,41.57,2,9,16,105
957,41.61,2,9,16,105
958,41.65,1,9,16,105
959,41.7,1,9,16,105
960,41.74,1,9,16,105
961,41.78,1,9,16,105
962,41.83,1,9,16,105
963,41.87,1,9,16,105
964,41.91,1,9,16,105
965,41.96,1,9,16,105
966,42.0,1,9,16,106
967,42.04,1,9,16,106
968,42.09,1,9,16,106
969,42.13,1,9,16,107
970,42.17,1,9,16,107
971,42.22,1,9,16,107
972,42.26,1,9,16,107
973,42.3,1,9,16,107
974,42.35,0,9,16,107
975,42.39,0,9,16,107
976,42.43,0,9,16,107
977,42.48,0,9,16,107
978,42.52,1,9,16,107
979,42.57,1,9,16,107
980,42.61,1,9,16,107
981,42.65,1,9,16,107
982,42.7,1,9,16,108
983,42.74,1,9,16,108
984,42.78,1,9,16,108
985,42.83,1,9,16,108
986,42.87,1,9,16,108
987,42.91,1,9,16,108
988,42.96,1,9,16,108
989,43.0,1,9,16,108
990,43.04,1,9,16,108
991,43.09,1,9,16,108
992,43.13,1,9,16,108
993,43.17,1,9,16,108
994,43.22,1,9,16,108
995,43.26,1,9,16,108
996,43.3,1,9,16,108
997,43.35,1,9,16,108
998,43.39,1,9,16,108
999,43.43,1,9,16,108
1000,43.48,1,9,16,108
1001,43.52,1,9,16,108
1002,43.57,1,9,16,108
1003,43.61,1,9,16,108
1004,43.65,1,9,16,108
1005,43.7,1,9,16,108
1006,43.74,1,9,16,108
1007,43.78,1,9,16,108
1008,43.83,1,9,16,108
1009,43.87,1,9,16,108
1010,43.91,1,9,16,108
1011,43.96,1,9,16,108
1012,44.0,1,9,16,108
1013,44.04,1,9,16,108
1014,44.09,1,9,16,108
1015,44.13,1,9,16,108
1016,44.17,1,9,16,108
1017,44.22,1,9,16,108
1018,44.26,1,9,16,108
1019,44.3,1,9,16,108
1020,44.35,1,9,16,108
1021,44.39,1,9,16,108
1022,44.43,1,9,16,108
1023,44.48,1,9,16,108
1024,44.52,0,9,16,108
1025,44.57,0,9,16,108
1026,44.61,0,9,16,108
1027,44.65,0,9,16,108
1028,44.7,0,9,16,108
1029,44.74,0,9,16,108
1030,44.78,1,9,16,108
1031,44.83,1,9,16,108
1032,44.87,1,9,16,108
1033,44.91,1,9,16,108
1034,44.96,1,9,16,108
1035,45.0,1,9,16,108
1036,45.04,1,9,16,108
1037,45.09,1,9,16,108
1038,45.13,1,9,16,108
1039,45.17,1,9,16,108
1040,45.22,1,9,16,108
1041,45.26,1,9,16,108
1042,45.3,1,9,16,108
1043,45.35,1,9,16,108
1044,45.39,1,9,16,108
1045,45.43,1,9,16,108
1046,45.48,1,9,16,108
1047,45.52,1,9,16,108
1048,45.57,1,9,16,108
1049,45.61,1,9,16,108
1050,45.65,1,9,16,108
1051,45.7,1,9,16,108
1052,45.74,1,9,16,108
1053,45.78,1,9,16,108
1054,45.83,1,9,16,108
1055,45.87,1,9,16,108
1056,45.91,1,9,16,108
1057,45.96,1,9,16,108
1058,46.0,1,9,16,108
1059,46.04,1,9,16,108
1060,46.09,1,9,16,108
1061,46.13,1,9,16,108
1062,46.17,1,9,16,108
1063,46.22,1,9,16,108
1064,46.26,1,9,16,108
1065,46.3,1,9,16,108
1066,46.35,1,9,16,108
1067,46.39,1,9,16,108
1068,46.43,1,9,16,108
1069,46.48,1,9,16,108
1070,46.52,1,9,16,108
1071,46.57,1,9,16,108
1072,46.61,1,9,16,108
1073,46.65,1,9,16,108
1074,46.7,1,9,16,108
1075,46.74,1,9,16,108
1076,46.78,1,9,16,108
1077,46.83,1,9,16,108
1078,46.87,1,9,16,108
1079,46.91,1,9,16,108
1080,46.96,0,9,16,108
1081,47.0,1,9,16,108
1082,47.04,1,9,16,108
1083,47.09,1,9,16,108
1084,47.13,0,9,16,108
1085,47.17,0,9,16,108
1086,47.22,0,9,16,108
1087,47.26,0,9,16,108
1088,47.3,0,9,16,108
1089,47.35,0,9,16,108
1090,47.39,0,9,16,108
1091,47.43,0,9,16,108
1092,47.48,0,9,16,108
